num_assets,original_cond,s_cond,optimized_cond
2,4112.260897963708,60.03541316336258,5.1336517339242045
3,9787.001116175386,45.86289616504634,11.49076810057878
4,15446.923168017662,37.68465385295533,11.881779078044286
5,21460.21043817749,35.65917018544842,14.658939351992938
6,27325.2676227914,37.68385414557375,18.183531940742355
7,31793.157813032994,39.639570574228614,21.531747910244764
