num_assets,original_cond,s_cond,optimized_cond
2,12.005716082330586,5.907741851005593,2.3599854270424983
3,13.256651148821737,5.519255556457211,3.5224033330679454
4,13.915031879665984,5.235905235952323,3.570678964267341
5,14.389376602737386,5.156201225689086,3.873708815891344
6,14.737948005224608,5.235874620144627,4.184560548461704
7,14.956428696904476,5.308869428406048,4.428393534647297
